{
  "name": "vite-react-rescript-starter",
  "sources": [
    {
      "dir": "src",
      "subdirs": true
    },
    {
      "dir": "tests",
      "type": "dev",
      "subdirs": true
    }
  ],
  "package-specs": [
    {
      "module": "es6",
      "in-source": true
    }
  ],
  "suffix": ".bs.js",
  "jsx": {
    "version": 4,
    "mode": "automatic"
  },
  "bs-dependencies": [
    "@rescript/react",
    "@rescript/core",
    "rescript-webapi",
    "bs-fetch"
  ],
  "bs-dev-dependencies": [
    "rescript-vitest"
  ],
  "bsc-flags": [
    "-open RescriptCore"
  ]
}
